nbedrooms,nbathrooms,price,sqft
5,1,534998.3472525631,3850.1277448222527
1,3,337899.6962771021,2113.7176177117694
4,1,478157.0108901927,3312.061795179431
4,2,513802.40872023127,3643.5711149437984
4,2,512244.53137380834,3618.0009268031868
2,3,390165.8146833191,2568.677264020252
4,2,492308.2260097681,3391.4934239993995
3,3,465185.8289712394,3216.354266718809
5,3,587580.4277512182,4243.014194986791
1,3,342633.261604107,2129.727469208799
1,2,318092.60574761743,1951.746494860749
5,1,517385.1902049791,3698.057618745721
3,1,402256.2353046106,2618.583252232884
2,2,397966.8968063762,2729.9759075861825
1,1,285445.5559305549,1719.8354188778571
2,1,364764.1701549522,2428.064367566676
2,2,397118.17929061304,2599.92483689604
1,1,277124.6224857463,1608.2823740857466
2,2,384096.27851545217,2542.496688890277
5,3,590861.8424457968,4248.454170482889
4,3,543353.5570696507,3829.6332610575882
1,1,278840.85641601786,1635.2601709237267
4,2,501145.45923825155,3585.316491077152
1,3,339570.2147252241,2153.812843215514
3,2,455428.01627649774,3138.1570170055693
4,2,496696.94395729183,3439.5911096342966
1,2,323404.1243170093,2045.867202726433
2,1,330183.1983982509,2169.4304356380135
4,3,524699.7153849616,3642.5032188135315
4,1,457513.64642565086,3196.954012150198
4,2,504918.42135862977,3535.326357812961
1,3,345372.9611740538,2241.8200117695337
2,1,354975.066758287,2304.3331671134597
2,3,415070.4879860536,2800.2787378661133
2,1,354135.82962097385,2306.8528215527845
1,2,325524.57599583035,1998.2478949455929
3,3,491394.72454521473,3374.9684518074514
5,2,578101.515427113,4175.395290167261
4,2,498061.51666609256,3437.1085901287247
4,3,524307.9091943586,3660.386566850874
3,3,453039.10875819303,3146.239305796192
5,1,533255.8969143698,3735.309494046849
3,1,419267.44675108464,2793.1113277515274
1,2,330893.63780463167,2071.923032833552
1,1,290365.403371869,1726.9498894068088
5,3,589492.6926427019,4265.277123537648
1,3,331628.9875581874,2145.366704197913
5,3,589762.5664776709,4250.402336614531
2,2,385449.55654334737,2537.883819282337
5,1,536864.6666042487,3729.6450949009327
2,1,361560.0999566402,2322.170254315263
3,1,415722.2132317287,2822.321699088552
3,1,408091.84458557074,2694.722321465428
1,1,308375.4309084729,1896.712543041713
2,1,357283.0398698611,2352.040179490808
2,1,357172.56404725485,2321.290483545836
2,2,391348.1148343967,2555.233251809869
2,1,355955.7006438388,2299.8137622138183
4,1,484753.0797160165,3312.386550933852
4,1,468567.08756042283,3233.1172801320195
3,2,438085.4718414084,2851.211875204611
4,1,462492.7522863177,3234.069439015837
1,2,341660.94870094425,2221.5425740334367
4,2,501069.3237355286,3522.500717324917
5,2,551564.4634032432,3930.8844180297574
2,3,409998.7324161439,2718.2575890360217
3,1,412669.9544464758,2665.463723002549
5,3,552699.0310352861,3951.1266878931665
4,1,457232.5816203329,3160.7808507872705
5,2,568372.7245337885,4043.1965531439027
5,2,553515.0499461812,3887.468883699282
5,1,546661.2805421671,3878.980301992546
4,1,467951.7450632037,3234.888182193228
5,2,565537.0393184309,4119.528465901184
5,1,538757.5359657437,3825.680489653188
5,1,506791.49774727604,3673.2336175238156
1,3,350494.2259447043,2254.199209510247
5,2,551704.681272473,4015.0398198256607
4,3,528361.61833878,3718.7965648624045
3,2,430983.1400887526,2961.4137771883047
1,3,345853.91437046265,2243.215958448767
2,1,321568.1012374992,2011.4422953938572
2,1,345030.78886318137,2248.468594866318
4,2,499118.46103281924,3459.8346601715357
1,2,291344.6089858489,1737.79381036888
1,2,308484.3715876046,1897.2918040273448
2,3,404646.3425112754,2767.762265174319
3,2,442008.07521849073,2992.5621326505607
5,1,542227.2200431179,3860.8044210461962
3,2,451184.0274321942,3063.9509652307847
1,1,265786.0306473698,1522.5301593247539
4,3,530563.8049614844,3776.5025316066535
3,1,389183.41825671354,2609.6597860003235
3,1,403184.7497904845,2670.244159747513
1,3,358529.16195263166,2364.960350985796
2,1,352842.6848554153,2265.2452632397835
1,3,337995.23432506056,2200.7114206458173
3,3,480591.9310364845,3382.8538352476203
3,3,461887.1128338752,3184.646644777968
4,1,485675.26027094276,3393.9107075281786
3,3,460561.1706265661,3141.4224028526914
4,2,490509.8597699935,3424.2212256223174
3,1,408000.69155050354,2671.3103110858588
2,1,336635.8408192579,2146.645291285532
3,2,423638.7570538339,2868.538703233994
4,2,520359.49354123627,3690.736202775709
4,2,493378.8889536672,3410.4586266510346
4,2,506171.7357823541,3540.9055082199407
3,3,477464.17236943985,3289.3679950729124
4,1,449985.55869880447,3039.7350647160742
5,1,520320.78523732646,3607.622818013634
2,2,386598.29083666386,2575.7403904016933
3,3,466429.7879668256,3140.0981233611637
4,3,524116.25443004374,3702.1499292486046
2,2,393506.1869483993,2539.7309269405546
3,2,438835.144343376,3000.146116337493
2,2,387829.56932254176,2677.3937837817907
5,2,538011.8161236325,3836.307184868196
3,3,469671.9059480532,3187.9615716641474
4,1,474446.95587393665,3262.767689588035
1,3,358196.9586846613,2341.775474540709
4,1,475602.3316387341,3323.4206549043156
3,1,394984.7470002649,2682.081501334186
4,1,478031.12510506,3294.9440543425885
1,3,328696.71580627037,2027.257995153189
1,2,314824.8032121664,1900.1091303781861
1,2,308333.2531531553,1935.0007515750672
4,3,530027.7858851815,3732.7996039760965
3,3,473594.23767402617,3300.296878562954
4,1,457201.73136422934,3163.951040985446
1,3,359822.694537729,2305.5996635759266
5,1,521170.39963928564,3706.32862815914
1,3,367211.57489887526,2394.438320285978
1,2,323607.630398249,2057.958627991838
3,2,451036.9264088742,3073.502355157364
4,2,485982.8911012237,3419.8280893908673
3,3,473091.07567170187,3265.4875324114737
4,1,476258.7272011043,3373.8686713897346
1,2,340450.538024692,2065.2336120324558
1,1,292098.9758058419,1763.5714197157777
1,2,333119.2984371472,2098.3494439857377
4,1,492141.45506484725,3480.196730863063
1,3,358368.46665693633,2304.2351361670694
3,3,467514.55397134204,3238.818892155779
3,1,406826.980761122,2754.3861727679737
1,3,351442.09314906585,2197.6274674566275
5,1,534757.7265504908,3744.2910526407004
4,3,536060.1620122874,3816.5195683100005
5,3,601436.4819027296,4382.387500926989
1,1,286303.6674339039,1729.6934426412708
5,2,552938.8990627571,3912.9224334483124
4,2,517013.2551195558,3667.8291532645603
4,2,517842.0166890596,3557.263804853892
5,1,531391.0158953426,3764.042590935775
2,2,379386.4141195675,2419.9532749603413
4,3,526624.6618541249,3667.2974727907254
1,2,338661.01236950356,2147.0809067692794
1,3,341059.98921001615,2142.2929099782527
1,2,338293.3772743491,2151.514999083805
2,2,378716.5095449411,2491.874629967688
1,1,277678.5976832449,1663.1585562061816
5,3,597935.0744117924,4284.527716315213
2,3,409500.2307766356,2782.823112750165
4,3,532152.8449563626,3850.0836956955904
2,2,380619.8874795028,2512.387182651324
1,2,321491.68305561604,2054.8356364566152
1,1,292703.234402243,1745.5416182111912
5,1,545559.2509141162,3898.6751116522955
4,1,482408.26954018016,3404.68490010785
4,2,524047.24695821665,3686.8391669576804
2,1,358799.52620458254,2236.690310286894
1,3,349523.33251056715,2197.7231839388287
1,1,286296.35671001393,1646.6924729940222
2,2,378171.79737694346,2478.320347315292
3,1,404206.7694457241,2622.878844985546
1,3,334973.5105872014,2179.299545506015
4,3,539306.7967902641,3828.4701215910763
2,3,408916.7308108403,2760.251828500869
2,2,381035.27954131766,2492.560194959856
5,3,582116.3144727545,4197.023095122471
1,1,292653.34148387477,1688.730178361729
1,1,290394.5837870001,1774.7037248393488
4,3,515432.499454246,3593.1085484335094
3,2,455134.1152992746,3134.2013470823517
4,3,511971.2599870418,3673.0505003235944
3,1,421649.5188557312,2830.8781352161122
5,1,563705.5453728792,4037.622012745474
4,3,528322.4617461197,3725.738726115295
4,2,498151.989188686,3526.5916823823763
1,1,277534.0414341095,1602.792718439273
4,2,492515.52932218654,3403.3922836037664
1,3,360327.97069104976,2334.118694698546
5,1,524143.30260269233,3712.3457597481024
3,1,424209.86161155236,2855.796318443864
4,1,475252.9144937842,3338.857534606357
5,1,514819.6463087794,3584.7356962686404
1,1,280228.74759715283,1655.7756613748156
3,1,409469.0723236445,2726.420494597875
4,3,542685.6127000146,3863.5987950045846
4,1,482554.80680567236,3221.0701118819
2,1,370704.0755815106,2490.0879049594937
4,3,536183.323093569,3801.1814820216773
5,1,517282.7847296046,3641.7595704646305
4,1,459173.9704351115,3203.215801551482
4,3,537658.8152589366,3907.1702520698923
2,1,366849.9753737406,2462.6019131331823
2,1,350189.67939535255,2222.8428649521343
2,3,415124.3720997287,2778.620383417507
4,1,466358.8644019602,3149.267293317168
3,3,439835.6505356307,3028.061053241781
3,1,404741.34671024553,2673.8020636566416
5,1,511748.68550215615,3568.5072464895857
4,3,531192.9109696839,3776.0273225318583
2,2,354230.5111284382,2305.2301513555894
3,3,470483.16903330106,3259.8342074077577
4,2,495287.26657195215,3450.2735734253874
2,2,377720.91050760384,2471.4069253463736
5,1,530934.5542995954,3768.508935634312
3,3,480993.68544512434,3312.9815246664834
3,2,458650.5482651171,3197.908580190656
1,2,316940.76876931597,1872.970650411646
2,2,375652.8845278147,2475.013393818682
1,2,320229.0860247306,2001.3732876668141
5,3,593607.6070668042,4198.122925764808
1,1,287948.49238355487,1715.490423469765
4,1,474902.60794641206,3251.039293131933
3,2,425901.7150392393,2866.1250833101335
1,1,297555.1391064287,1887.6864647975417
1,2,291383.89623516245,1717.6915462151119
2,1,336341.43048332486,2121.0184070063956
2,1,344788.01029314275,2256.0862193545954
1,3,373408.98117746547,2442.5602857016092
4,2,485507.5307386565,3381.5511699139024
1,3,349002.46532116045,2199.2849291634625
4,1,462364.6917546184,3110.121846876058
1,2,328787.9274575241,2070.448191470006
5,2,570872.8239676518,4043.8980648440347
5,2,563700.702798766,4017.926227509284
1,2,325537.9548745106,2083.3450697048575
2,2,365695.6668036037,2425.9076968240665
4,2,488757.3395395127,3392.3316495984304
5,1,548434.5885451573,3917.43892252646
4,2,486877.4947349306,3396.2934876617614
3,1,415532.71816434874,2847.1172851058313
2,3,402379.08391451626,2670.353694754813
2,1,333011.46269411437,2089.4227447160133
3,3,484306.00069604797,3396.865596124848
2,2,352751.0153842944,2285.6910909897238
5,1,544209.2621373298,3852.340956192892
3,1,405889.8883763799,2716.4264305520433
5,1,539870.3071076494,3821.216479694306
5,3,594582.6810264558,4272.873223965301
3,2,450268.7162407219,3097.0171113622096
4,1,481325.68208273523,3326.4255326658663
4,3,546031.2717244079,3849.0749671783274
2,1,351086.6049388898,2270.4008005285095
3,1,403083.25859162636,2766.3489748287734
5,1,525010.9515095523,3726.5081318325388
4,1,468570.47005503334,3348.7064854420223
4,3,533769.1413310342,3794.0258541066323
2,2,379221.6092382747,2490.3759014129946
2,2,403956.8814591859,2603.911232819194
2,1,339920.70979027083,2178.1115192248158
2,3,431783.80067821505,2965.7221147280843
3,2,449584.4929349696,3133.1404267275557
1,2,332595.9718103349,2183.7105967758025
4,1,473948.4450430083,3278.766809351092
2,1,360810.62978989223,2401.3936701987695
5,3,609367.045967177,4456.288643855796
4,2,512296.4515468827,3634.7262249561322
2,1,342835.44577998604,2318.8166269378985
2,3,396638.1867421876,2644.392607619042
3,3,471071.26611066243,3246.801955719054
1,3,354835.7670335092,2294.300855404407
1,2,305973.1868990408,1860.244748885459
3,2,444672.15584812796,3075.7500177927272
5,2,554877.4208244681,3974.7416242694
1,3,341120.1065898376,2107.3592090734496
5,3,591608.1548127367,4312.4894757964485
4,1,464481.35855959874,3205.805097405081
4,1,465491.6680041252,3237.321694532548
1,2,317547.67095936096,1973.4502281500984
1,2,336939.61086224084,2117.032221525992
4,1,464136.03641097655,3253.2321113358807
4,2,479420.9457104922,3336.307987537033
1,1,290047.0642033402,1705.1621120358895
4,1,499239.61879793357,3464.3832175979533
1,1,304068.3189705246,1757.8616805724696
3,3,464679.01911723,3232.0313656246944
2,2,382410.5493997503,2450.31819727964
1,3,347364.3387770864,2262.1700890888424
5,2,533704.5413397392,3754.5748970360023
1,3,344143.02981895406,2285.1056397786233
4,2,500869.32957107306,3539.5376433899673
5,2,559994.219647398,4023.0325091391774
5,1,504373.6268304974,3514.567776703958
2,3,404967.8589234505,2645.5441643852623
1,3,349982.8079347149,2281.4273758219038
3,2,451284.9655967224,3065.4149930415624
5,3,592301.8344804281,4282.858361429762
5,2,561252.627700137,4021.817221362798
3,2,427814.64403123397,2848.874640102776
5,1,520960.0282464402,3765.8030467429517
4,2,496884.07750523044,3476.4854283493464
3,3,458820.4486247642,3149.336114049503
4,1,465739.6010078712,3252.042845084623
1,2,334547.648479783,2163.498094601058
1,1,292153.0565569548,1759.7064780173462
1,1,290441.6608806518,1718.4824549597572
4,2,490657.2042594318,3416.053922137439
5,3,605398.394626599,4393.520784037209
5,2,552453.4534712197,3977.460045980406
3,2,441861.0874324105,3080.126880366797
3,2,457702.1146280648,3170.527456824989
5,2,561478.2108612522,3997.6754017234152
2,2,381989.5145826513,2531.1561842679444
4,3,517976.08022661996,3725.2734284161993
4,1,482896.6927408913,3312.837388912653
4,3,513880.5124205681,3559.2344124609317
2,2,368691.8189284173,2363.4810800867745
3,1,415596.31360921584,2818.041479238186
3,1,401730.51069331355,2765.2474026601994
4,1,482115.84438437957,3311.5040366910544
3,3,480222.3011940592,3299.3176220779264
4,3,528060.8829281584,3758.6306563314583
5,3,587567.3113078898,4239.409584768553
5,2,550753.2423536034,3988.1432656083803
3,3,464784.5873714667,3254.3714075641874
2,3,392607.73698127235,2586.300911195294
3,3,456951.2974712257,3158.793105411349
1,1,283077.114181272,1719.102363597654
4,1,469367.37540801783,3185.5216611122983
1,2,308317.29196892487,1931.59272638231
3,1,408744.9637756946,2748.1287726226665
5,2,567326.1138141264,4058.7483932313517
4,1,483874.8214246051,3321.556745709048
3,2,432783.5912167164,3056.9582686153058
2,2,380835.6106406688,2584.7757433210654
3,1,401545.3369826635,2703.9784360525705
2,1,353400.9628321774,2329.566806650982
5,3,604480.4838123679,4381.885096308692
2,3,407110.3303341088,2720.0097201109306
1,2,329380.4437480699,2107.0709426065546
1,2,302900.5628863306,1931.1039292650723
1,2,325847.35325094877,2053.7618231112774
1,1,279809.2436307421,1596.2691714557593
1,1,278202.9493570586,1718.0670494673107
2,3,406022.0310096912,2652.4603937855345
1,1,302180.295484408,1770.822872804051
4,2,490142.4251404074,3534.247073650397
2,3,432263.6610898487,2947.824102253678
5,1,526016.4775187252,3692.7074517090464
2,2,381427.0340830923,2544.599214218708
3,1,437617.22120557603,2927.1728207672604
5,1,537553.4710724927,3847.4691666373556
1,1,306897.4340830944,1891.6710808559128
1,2,306605.95164917916,1932.4933463438356
3,2,438424.3009136576,3030.9048460399454
1,1,297286.78080340725,1744.2815587336465
5,2,573929.1074046446,4162.775519563072
5,1,514008.33796339046,3691.5885589985046
5,3,588103.9646667537,4153.536611254186
2,2,385479.448808486,2539.7926357853908
2,1,346170.3957472458,2260.339009871751
5,1,535334.8861091754,3746.1989310773656
2,1,367620.1700492881,2471.3771141977695
2,3,394413.27185560483,2647.0608256147993
4,2,497066.3737331787,3461.3879028758793
2,1,349484.428882031,2303.9312504908185
4,1,463345.7076967753,3208.4210999969823
4,1,463224.53000240744,3178.1524426396836
2,2,369358.36445083545,2372.3981810451132
2,3,421852.45985273825,2746.5264866725665
2,3,414410.1734589702,2826.1447380113373
1,1,310397.1723592376,1868.9655727307634
4,1,467331.5848571761,3283.3257795405657
1,2,325588.52738478547,2010.8336863094971
5,1,518773.57441567356,3635.266093238063
2,3,409700.64406368,2759.8222313812958
5,2,547679.0414853344,3907.892042562638
1,2,322400.2948960342,2109.628457611701
4,1,493230.3091425385,3474.489671368423
3,3,478819.3380520303,3350.4499442190045
2,2,377596.63767545647,2460.8751434560636
5,2,575978.7230542015,4106.3048007825655
5,1,530093.6342581697,3673.3242799446584
5,3,598850.2239510783,4386.475684099192
1,3,351182.93605810346,2226.979530351382
1,2,334107.55551638216,2055.897729730836
3,3,478963.1058072844,3300.7830588120664
1,1,304135.6563711354,1857.0670597487128
4,1,475466.5608194088,3329.220921771381
4,2,507784.0738571031,3571.3355648874226
5,2,582814.9427847266,4079.3963675548575
2,3,396079.8302427615,2624.698305109358
5,1,527137.6081220615,3705.305976760241
4,3,523325.07178995246,3701.0485440555117
4,3,534265.5809471818,3805.483096038636
4,2,494337.5381976247,3476.7629677688406
5,1,538033.8328759092,3854.3783281883457
3,1,410074.6339659926,2771.044118504949
2,3,415123.149363662,2812.8346015080438
3,1,446985.1492595002,3023.2764545364407
3,1,415718.40816859104,2816.5024647675464
2,3,400016.18105626386,2638.3893765674084
4,2,503069.4764032722,3511.2018164047076
4,2,490508.88454839645,3400.694917124024
5,2,560411.8636904338,4053.0299221173573
5,3,593068.2525959006,4273.906530464536
3,1,394769.2543473045,2636.8593420472985
2,3,414638.07450404356,2807.074384718849
2,3,408178.91522595077,2731.1748090269934
1,2,329998.4915615451,2064.1237904646005
1,1,294424.4914228846,1729.885527300048
3,2,441287.7491173386,2971.803617315339
5,1,532419.515853662,3778.7288338110548
4,1,453428.4339740847,3176.1872597277934
4,2,475060.463377275,3362.5869063284654
3,2,424408.3166966691,2820.575412983901
2,3,419220.26032912853,2890.286299690413
1,1,286434.60300881,1740.1510467368237
5,1,508018.06343727815,3575.1161786285393
2,1,350148.3956210162,2304.9289211448354
5,1,535867.596322487,3753.784486143471
5,1,521364.6668346577,3648.2026671926237
3,3,476151.8741859793,3308.187634208489
1,1,287075.44794293,1726.464435726002
1,3,345100.10709831555,2225.6605174144
4,2,497520.1343656168,3465.412764516106
2,3,407984.6329316158,2686.306571237376
2,3,397024.57813314605,2644.2852489554903
1,3,367564.7284887437,2373.8905335972536
5,2,559233.0438485799,4024.670310671603
4,1,458599.431329168,3173.171152244351
4,3,531423.5380883277,3702.004494328266
5,2,579012.963050672,4139.06491939662
4,3,539801.8069434437,3842.8598247571845
5,3,609884.4495837467,4423.990760297378
4,2,484732.5408636162,3398.981811274793
1,3,367754.735551587,2435.7533902421455
4,3,541404.5403907791,3885.2245558631585
4,1,473574.21228557924,3240.167595077771
2,2,374484.5745284548,2415.57093314046
4,3,540888.6014649504,3768.1301796201647
5,2,562517.9702838262,4001.184512184586
1,2,307314.85097024764,1950.5054280753805
4,1,481275.4652214874,3382.6172337311764
1,1,294272.7388547172,1768.7326377968334
1,1,277885.4121604105,1661.6291185149908
4,3,536138.8058795807,3824.153818057832
2,3,414077.8723834691,2803.6481005123587
3,3,483093.24049172906,3371.9908416453777
4,3,531056.2955983204,3759.405015296734
3,3,458590.87478468264,3091.9625558443518
4,3,536522.7131973978,3830.0802315180395
1,2,309827.22851954633,1906.1051070090132
4,2,497656.6450771812,3496.8389318682134
3,1,396742.9073344151,2557.617315797091
1,3,350737.2029937626,2240.1615785210033
4,2,491836.4683462195,3388.335047104332
2,1,349611.20796439424,2241.8433366829627
5,1,531946.2444512121,3775.985690815577
4,1,460535.2623364826,3211.008543818742
2,1,349094.9193419362,2206.989745933151
3,2,431664.529060396,2960.671778390521
2,2,378389.9107797613,2504.0576815741088
5,2,555319.286513443,3945.616804373686
2,1,365159.8321565676,2386.810454831942
4,1,466224.14339044143,3177.083180130169
2,3,389727.44854895846,2653.2076880945233
4,3,546259.2833762828,3823.7354193367396
3,1,413223.746717961,2826.2721784020973
5,2,553019.6297369144,3978.501015117146
2,1,342963.6838323674,2230.6067428275837
5,3,561421.5960344921,4028.4056354661825
2,3,417472.7252619193,2806.5835678977764
5,2,529328.8253948768,3781.5918017170484
2,1,345330.94374595064,2258.952855425254
3,3,489312.7655422386,3387.0771139448716
3,2,436376.8347368321,3014.505400460666
4,3,538002.0342369458,3768.9542885937794
2,2,381769.0212320746,2482.943408213479
3,3,481441.45167727873,3429.558530493921
3,3,488954.36836137023,3382.79745857088
5,1,514219.5713369601,3610.3907286015865
3,2,445876.1792313214,3044.356498951853
3,2,440937.27256703476,2990.2949589305877
4,3,516521.78480584087,3614.903386491735
1,1,274177.1190359558,1623.4753750909567
5,3,584904.8503365507,4179.866007317221
3,3,487338.71621436765,3359.2257843256634
1,3,358414.9380362898,2274.9216356639463
1,2,326077.4395080008,2087.972038283987
3,1,415590.28458569763,2762.3127276239143
4,3,536086.5769915552,3803.787197242607
2,3,412190.9589594476,2779.120155670576
4,3,529354.6885878874,3788.749564645076
3,2,416705.6881247035,2867.6548033794797
5,3,602675.6717211374,4379.294834217429
2,2,375101.78011917707,2422.9010152477563
2,2,359226.2656320243,2280.396476149495
3,2,424383.6025933794,2874.666972871955
3,2,434797.0087253757,2961.521948123102
5,2,559533.2100939989,3905.5489614179874
4,1,467053.4435991865,3260.903504988326
5,2,588743.2237145324,4208.564420491266
3,2,462827.2136535377,3218.0088701756613
5,3,594334.6242540937,4278.150390771288
3,1,399862.08289970557,2659.88798530597
2,1,333837.6198625579,2177.6653200707406
5,3,593683.7384264071,4273.246390411406
1,2,324053.8408544105,1952.1715529293942
2,1,343353.6074761034,2122.27753881937
1,2,334920.40534746915,2145.638082501063
3,3,470503.68573070725,3230.036264593837
1,1,287034.49055818014,1711.6776647983193
4,2,491337.5486393522,3438.174501937956
3,1,426323.35713223164,2927.3852131225053
1,1,288762.28032500704,1762.4394245958429
3,2,445465.48156659846,3079.779041644424
4,2,503779.2252725839,3505.943146591721
1,1,323028.4451723388,1935.4779241980332
1,3,332520.95384160464,2140.412276690494
2,1,349320.4076953349,2222.697378127438
1,3,362724.1613796209,2379.7861869015996
1,1,284885.3538127482,1707.209553963265
3,2,431598.7952992776,2873.4741988961177
4,3,546092.2387611209,3858.592761138528
5,3,571951.3816335989,4076.9380352881753
4,1,471339.7353798826,3242.533573015943
4,1,496572.7931754194,3447.8144193572602
1,3,339345.2471493145,2158.3070588732508
5,2,552621.912252504,3880.665992220535
5,3,599407.9313436451,4367.213409032656
4,3,524102.3914140418,3743.906285352719
3,2,444570.9282120284,2976.329208695772
5,2,547304.9739027877,3874.327058212278
5,1,510939.83406020945,3571.9777180035185
4,1,455153.98151213926,3175.972530599432
2,1,353388.255588338,2304.9766015308164
5,2,588570.7523144383,4237.516312881983
4,3,518036.7522583366,3687.8886890898652
2,2,385917.0296314321,2519.201767143069
4,1,452644.2077509599,3119.607171956793
4,3,534305.3464971614,3834.2828905430183
3,1,421723.38132857415,2870.234507327558
1,3,347810.2186850101,2161.40457783874
2,2,380913.2895311816,2530.5177155561532
1,1,280356.3129763391,1653.1669925082579
2,2,377465.0484637921,2529.336748060458
2,2,384744.59431811504,2609.320208099326
5,2,562077.8320007178,4011.812683852842
3,3,480239.164786244,3324.6515536450825
3,2,442737.5835970511,3023.804030351492
4,2,491860.9208680067,3442.9261437722207
1,3,375303.6622780828,2452.8850154500547
4,2,489595.5149131054,3353.474660714425
3,2,443866.49773257936,2983.161757657648
4,2,498448.5667257218,3490.0307368618005
3,3,480728.6813195786,3273.930629741828
3,3,465063.6883044433,3211.2264898248527
2,1,352657.1114712147,2241.749546615763
4,2,491242.1792246539,3408.9709499653845
2,3,410269.07046497153,2723.4024250723296
4,2,504703.81998605636,3555.907654238797
3,3,461391.5458645366,3190.41660856951
3,3,486286.5691914431,3374.311934783695
5,3,588472.609574386,4239.763971352126
2,1,344932.89961344696,2148.0759608656595
1,2,298907.94223707693,1845.4165045739805
4,3,527611.3535174108,3699.5994007128484
1,2,318893.2421182749,2054.816473582675
5,3,595972.2018678833,4294.5044120296625
3,2,458664.2853578239,3209.771565527961
2,2,388963.0875523352,2566.380551344674
1,3,363423.9147552201,2322.0565984999425
2,2,407505.6626742108,2679.571980951986
3,1,419478.0328236577,2917.8097030913746
2,1,356639.1640008682,2319.181855539692
2,2,395655.04647806054,2646.64485183172
4,2,498939.9082170556,3488.588069190134
1,3,381664.8859214622,2542.1091626170764
5,3,570991.2706650356,4051.0925417860494
2,2,361332.8368374358,2345.930029767859
2,2,384379.4595598023,2671.717241497004
5,2,574771.8169845681,4080.8738187676463
1,2,320480.9183119824,2032.7521289416236
3,1,396203.19712584664,2603.2139293300256
4,2,505869.7013602829,3492.124940373463
5,3,599435.4572064709,4262.462076451461
2,1,350314.30966466846,2217.1175066252304
3,2,436462.1834510418,2942.0307296653423
4,3,507359.0832525643,3562.9565531536964
5,1,547438.0209973452,3957.599263185328
2,2,395881.5065562241,2696.2459473297035
1,2,315352.8076929085,1924.1299040849058
5,2,558681.8836281248,3881.1389052500626
2,2,366116.484775009,2343.2646339345138
3,1,411022.5721569301,2779.8863345161913
5,3,581048.0608478168,4217.248519667976
4,2,494435.6497038373,3480.0638937658673
1,1,300930.897080887,1809.4447988633062
5,1,534042.3827920851,3846.5451372997068
5,3,583014.4698186737,4209.696685649697
1,1,278284.2849519001,1672.3070334173299
3,1,434387.18711607816,2954.706363003038
4,3,535038.3912589005,3803.894734616859
2,1,340617.96863188554,2244.393319404603
3,1,417086.3558379572,2850.242024521305
2,3,394424.5125826058,2627.7345798756323
4,1,469955.0364616317,3203.732567609974
3,3,476955.5315410675,3372.8009785194104
5,2,576250.4470033821,4214.815623655286
3,2,425136.8512643539,2946.0814699921925
2,2,400203.90009124065,2656.198886527725
5,2,568968.328877918,4058.7899176191213
1,1,287585.02178621595,1763.4706858855527
3,2,448750.2784286081,3114.7681302588835
3,3,460335.45252196543,3232.9789174451776
5,3,581696.9022206062,4186.234273336213
3,3,477036.65448148345,3344.4379248663367
5,3,598597.3074545758,4313.882281187015
1,2,315319.6762782365,2004.7171201667218
3,3,466145.9247693831,3240.548470875614
2,2,394893.82611683256,2644.8760107632306
3,3,466936.86570363527,3241.956785957271
5,3,584726.5687808031,4166.69953193729
5,2,568256.0238069795,4055.6203710776836
2,2,386826.0146998586,2514.618902190219
2,1,361724.2716540169,2328.773723688854
5,1,511679.9931316763,3616.1710765348776
5,1,523661.1830961472,3693.8358027566815
3,3,479071.0275952243,3318.3936821349726
5,3,596286.6925787036,4396.619110821507
2,3,411619.20177405636,2755.949041188857
3,1,413713.0377346624,2762.6627045379464
5,1,509797.271167327,3555.513475731595
1,1,278549.46081300016,1702.5334131076368
2,3,411573.69307573006,2775.560431014421
1,2,323011.70216675225,1978.7068908252154
3,1,412260.5403088407,2727.9684634428922
2,2,378465.617413398,2449.4865757489206
3,3,471169.63098818884,3297.1413163184816
4,1,459616.90620222053,3240.4668645411666
2,3,427658.23859735683,2920.171658157507
3,2,448358.7409036437,3085.7895317550433
1,3,329270.2567989416,2157.5372406876418
3,3,456190.96028803865,3162.6363873386144
5,1,524348.6183052186,3685.9652257792623
5,2,559257.4439291405,3975.7980678650906
1,1,291344.887630918,1736.2538388275066
3,3,477361.15195470763,3313.7043404426618
2,3,401738.41249070363,2692.0827608963664
1,2,309969.1673380287,1888.9393200112613
3,3,465118.195755161,3187.623951283218
4,1,465226.78878315364,3172.282840269813
5,2,553562.8533047898,3920.8376099579623
1,3,358808.05844474066,2327.838276219866
3,1,416504.1395141561,2827.0907395616487
4,1,483333.636208863,3414.1825297402456
5,2,569896.5276443539,4041.8213918750325
4,3,525246.1398811502,3693.713907591149
1,1,315085.3609251542,1897.3231321363087
3,2,440880.3485554591,2930.631691561681
4,1,463606.22577974346,3093.854263884799
4,3,560211.084259701,4011.469320345868
4,1,476012.24632198724,3263.166162573364
2,3,411686.6046116241,2710.3058308765526
4,1,468447.68888776744,3239.049924115689
3,3,486575.26836433716,3356.9476980828335
3,1,390201.5748453811,2618.1609379372317
3,1,415029.4802585017,2759.5196604581997
5,2,564568.4888671398,4027.850875305293
4,3,526555.1375449809,3657.3132930383185
1,1,283626.576605445,1650.9264163822525
5,2,567628.4502304133,4100.898197265017
2,1,354631.58951022866,2309.197435462895
3,2,437880.2946308896,2999.928986054556
2,1,337571.4428354151,2166.734918216385
5,2,568090.1012244071,4098.64757864531
2,3,422996.7189850105,2801.728410108205
5,1,526888.0080104092,3729.390935928356
2,3,427035.29508621077,2837.6073107191805
3,3,472025.00057657226,3309.660690962936
4,2,482791.2917317769,3303.676008380763
3,3,462590.837743419,3198.5842720012943
3,2,446035.2286606032,3033.8523118363983
3,2,425895.2728761678,2902.3422350178116
4,2,509072.5580745554,3548.629089491949
3,2,439132.2688733257,3020.3189315258724
5,2,565266.5644066058,4037.0116315503865
2,1,342729.15061652043,2191.47625824905
4,1,454968.03952383535,3055.57523485278
1,3,377056.02123095974,2462.0589262825133
5,1,536492.7433504746,3810.433367446617
4,2,511333.1224031659,3642.4808760449755
2,2,378457.25633552537,2481.7329511027197
4,1,461941.3675396818,3160.2402188397377
5,3,596138.0302727533,4262.73018503084
5,3,586958.4885786588,4257.917215117191
1,1,291974.12369013025,1821.2446905799984
3,2,444497.8667936101,3046.96326353904
2,2,365128.8366746912,2339.937592271529
5,3,575546.3972681771,4091.4423631009095
5,1,520198.56636055803,3635.968258238704
2,2,347185.2880176679,2185.587557447154
5,3,562233.1369525908,4064.57992604861
1,3,347890.526095042,2224.1943846943896
1,1,288249.21259899664,1721.7458081229834
3,3,464992.19302880997,3250.320425934475
4,2,492318.98956580635,3410.603400192191
2,3,406766.9121616467,2676.203335948823
1,3,369008.45271240635,2340.55055574935
1,3,347226.88825889886,2274.574977302825
1,1,305034.45246663905,1944.5743176386823
1,2,332951.93939955474,2089.715266023266
3,3,463022.10167190275,3153.665139366205
5,1,517350.9964647038,3639.0772728494194
1,3,381776.525318826,2531.8780095515563
3,2,444039.17364877777,2995.910128955714
4,3,514549.8254340117,3583.8511828071278
5,1,543480.9152582458,3782.0790921929843
4,3,519975.32948648604,3713.086240310427
5,3,572018.7789516405,4150.7164940224075
5,3,587939.9408135244,4295.822912978578
5,1,542607.7071013822,3885.4288288450994
3,3,465714.8413219878,3194.592183373679
2,3,415144.7502231709,2683.9284393463295
4,1,461175.8354215996,3228.846127768512
5,1,545267.4952256464,3832.3625223124277
5,2,557238.151677923,3988.7012926820717
1,1,314463.4966621411,1926.74374006264
1,3,356035.0070075695,2232.1566477120396
3,3,446945.5530297213,3088.448348781081
5,1,520834.02592228533,3714.3218584984156
4,2,477735.66873036505,3406.9577223238734
4,1,462046.7304750939,3270.716028092736
1,2,313210.70178382774,1913.7074597199007
1,1,290525.8433362985,1783.0238271307157
2,2,370294.6129112955,2435.299305083286
5,2,550262.0759735726,3927.998011270463
5,3,567015.1783708454,4095.059952552863
1,2,309828.9341887091,1995.4592407649607
1,3,356899.86143376783,2287.9121702808807
1,1,283996.45576236607,1694.7902357916128
2,1,364703.719436286,2331.9420789397695
2,1,357741.75581833645,2379.519969119735
2,1,342181.1179243134,2237.348438760322
5,1,526938.9035760054,3675.154938574662
2,3,416685.5226096872,2826.9229631046765
5,1,535797.432357699,3781.8467509591965
1,2,305649.7035376214,1837.5353908601342
5,3,599565.4630456456,4325.017482660338
4,2,506277.2412000643,3585.8979742066285
3,3,479602.9910802418,3384.129544993159
1,2,331900.343620745,2120.7578330565243
4,3,543831.5810786705,3880.6483448782606
3,1,398205.125866795,2674.668589482986
4,3,539919.598534728,3882.7563352625275
3,3,473885.1896451609,3297.554009183703
3,2,450463.9827993835,3034.5769401208686
2,3,404665.7334389303,2711.9176131950094
4,3,537073.8534683266,3785.699638028275
4,1,482869.77131084754,3423.5681754289053
1,2,306505.45691983635,1956.283096226138
5,3,583464.5721995801,4223.890687179369
4,2,497501.0463980703,3383.398814761769
4,3,523958.28875198076,3745.023746459661
1,3,354109.33966306713,2258.435197181208
1,2,309092.4582340048,2005.2009464629489
2,1,345788.8181449693,2196.926009741933
5,3,597185.2864994085,4350.27498165523
5,3,578372.9666129341,4145.325601359443
2,3,414238.99132625863,2804.838280844477
1,2,325329.07854458847,2058.0852162991205
1,1,311217.5901217628,1916.7524252282979
1,3,363100.7436833534,2406.387007164131
4,3,519144.552761588,3732.47406219403
5,3,562964.2904762974,4061.8862348465204
5,2,567168.9619190373,4050.880219667588
3,2,432384.8970094745,2920.3019207106354
3,2,442177.87148046604,3014.8323033677234
4,2,498800.17764017376,3506.0740659895014
4,1,442418.86261198047,2932.4313543503354
5,2,559907.957587041,3984.4625311745895
3,2,441731.40119318897,3080.3202425568265
2,3,403926.2031770475,2724.7195475027042
1,2,317672.0013684498,1963.1508143337037
5,1,529793.6180438112,3762.7627957442696
2,1,353186.0510712768,2309.7429145331794
4,3,538482.1266970993,3829.1601530202365
1,1,275373.7353425819,1720.8409350927757
4,2,506052.1315186837,3568.754595227627
3,2,433115.7311899002,2964.020912043158
2,1,348040.32364811486,2231.8387544976244
1,1,298098.39954474324,1801.3728536276594
1,2,318364.03118838975,1942.8261032180883
4,3,519247.595683839,3671.9892619570765
5,2,557021.9135251726,3906.3981569018197
2,3,423943.2371479824,2956.7447073807416
1,3,352615.3927541897,2328.0068608700317
1,1,300475.79891874205,1884.5184594030766
3,3,465088.3476475596,3144.853750760345
2,2,369356.434772906,2380.932037097009
2,2,386303.1983627228,2515.3375818170457
1,1,306849.52450678527,1892.1769750759047
2,3,412654.7393954451,2773.4556999499273
2,2,362514.64920388826,2399.2189244351744
1,3,355772.2896854854,2287.5732406930733
1,2,321333.1345089553,1917.775368696192
4,2,502951.00901733397,3558.3085951758394
4,2,496504.98256431415,3503.8481359075586
4,2,490477.00322176673,3403.517403903796
4,1,459667.53457562457,3152.140156279473
2,1,361385.542615586,2315.6545315704093
3,3,472167.2025401133,3245.6082618410433
1,3,349700.8167061213,2186.0214691881247
1,1,298955.0047109423,1834.166103683752
5,2,551117.4516129749,3930.8716004986304
3,3,469647.046510102,3188.4336232238725
3,3,484114.1988171762,3382.163244203648
1,1,285586.37742654193,1719.8358730749687
3,3,469731.95477116434,3285.506902137564
5,1,520713.76863367634,3644.5352351573415
2,2,400459.65925003967,2716.2642642313317
4,3,526126.5848344342,3709.044791879968
5,2,580246.7541694175,4144.005914628157
4,2,496262.0182334038,3446.506873880916
1,1,305080.8601949032,1866.657587096935
2,2,377728.38975424774,2406.0130757411935
5,1,532382.5609558108,3758.9562019576447
3,1,420804.7668303856,2801.952325810056
2,3,406829.7238887242,2791.268088481194
5,2,582937.5988866782,4223.9029402618335
2,1,346172.3332093724,2122.0174656613144
1,3,341073.0794263588,2244.5750818904553
3,1,426280.0561546689,2840.387073314844
4,2,520525.85510054027,3659.665666295063
4,2,484938.85121469456,3315.658295373808
4,3,541964.867131123,3800.3636879356486
5,3,578135.3931152279,4123.982877131645
2,3,384099.21232880617,2550.978048334262
3,3,483451.95179413015,3376.711302262587
3,3,475177.5369790428,3338.338665968522
5,2,562011.5915823029,4094.9024312520414
3,3,450972.23726685735,3095.287487300329
3,3,464508.5733678474,3223.723518862063
2,3,387337.386671012,2519.675900734099
2,3,417434.64426313026,2764.8657476291482
2,2,374333.7069789872,2421.005381378454
5,2,552598.9157848785,3901.4519474128647
5,1,523152.67185590527,3700.5981351641753
5,3,563068.8918370192,4063.782648045661
3,3,478392.47486011276,3226.702498031921
4,2,495031.9474813914,3381.829447823151
3,2,439374.09466185106,2931.2248075379666
2,2,373358.4610480001,2356.297647370788
4,3,534948.7574654549,3783.1799997876037
1,1,292891.7551311808,1723.474443620116
4,1,486479.3038663507,3440.775560666342
2,2,356821.4095776934,2339.1731453901
2,2,371340.9327898842,2351.2323529894156
2,2,365067.46982428385,2354.4744041775907
2,2,370414.45096901077,2470.5544091327192
1,1,280106.38980854326,1741.8461030931019
4,1,472968.119262676,3299.9840918063705
1,2,308058.8429631579,1822.9848006574912
3,1,412778.71912449953,2844.8644604581523
4,2,509513.8743456342,3591.9400019681716
3,1,407576.7775635418,2745.5764215232066
3,3,481333.3029731376,3295.893509386436
3,3,461568.6109676218,3198.008521825359
2,1,336219.55828837183,2083.5655614822476
4,2,494846.84726520494,3474.072917094527
5,1,521415.621517511,3640.708608485846
4,2,501514.459000372,3579.7111307428536
2,2,376606.7206891845,2455.233905283557
4,2,483931.99536918383,3408.6391875721815
2,2,382647.8310262858,2602.904832723701
4,1,460019.82554298796,3157.482010277769
4,1,459247.9831315969,3212.8628289494495
3,3,474615.4859394661,3275.0620526566286
1,2,318157.9546210536,1923.5491887086225
4,3,538556.8767372614,3834.1289905608987
5,1,539249.1972176894,3824.048465982576
1,1,284716.7659383934,1651.5899847304436
5,2,572861.4396739214,4027.6605585485463
4,1,477573.4747157449,3346.4010469795658
2,2,384521.88832334254,2517.761151915836
4,3,537637.5582079882,3797.1476266857794
3,2,431359.34105760127,3006.7877288491695
2,1,364015.16680688044,2366.730437074216
5,1,514717.75291202357,3598.887409782451
4,1,462319.15491733234,3168.484870283014
4,3,535187.7686478625,3737.2171020531946
2,2,367592.22566970665,2487.2106092532413
4,3,506929.88678646827,3558.5606561711925
1,1,273523.3878205934,1559.9865666345277
5,2,540170.4059232583,3876.5312251209334
4,3,526040.9112002241,3761.6996493086267
4,2,478848.6680312449,3291.9648658313763
2,1,340225.64794649475,2185.737949428919
3,3,483540.64622413024,3318.7024405590296
5,2,581007.9519189433,4203.8507297225115
1,2,317410.55545282474,1941.12344406361
1,1,263540.8847785081,1478.1767421394386
2,1,343126.67227309104,2171.0522770992848
1,1,290695.5619714676,1775.3699954311749
3,3,476860.73570097756,3267.252846005967
4,3,543148.9148010149,3849.70192901316
5,2,556783.2880221063,4054.9059567670843
4,2,505479.0997992587,3522.824134644339
2,3,407403.7524132441,2689.2446354487174
4,2,500335.76267302333,3520.1930344392267
3,3,476833.9627352134,3263.3205367969213
1,2,309321.8241536512,1918.7035837671092
5,3,592759.0221789092,4274.581975723054
3,2,447338.2677336884,2994.018523523834
2,2,388694.3855737766,2599.8831990809454
5,3,593966.446997746,4262.902976147096
4,1,474029.60077527934,3325.271744102871
2,3,412220.9124898432,2741.7599029864514
4,3,531188.7415765013,3745.970196588002
3,1,417429.2390616511,2810.2959491226034
3,2,449083.425297164,3077.6104643199133
2,1,348033.2078254357,2123.9083056802574
1,1,281760.822025703,1595.4438588936966
2,1,345477.02062642266,2137.0191578459803
1,2,306834.8403153054,1889.9446088967102
2,3,395015.54385022586,2572.3125644878273
2,1,336092.32051313954,2125.669240253731
5,2,557122.390791519,3981.682200168813
1,2,325462.22613876476,2091.6153280224157
1,3,356406.1122175615,2297.4705139626467
3,3,461196.20564869244,3195.586789226456
4,1,483341.2497314937,3408.5354334019744
3,2,439638.4552645846,3051.911451877653
1,3,335658.1425749969,2168.178595322185
5,1,524463.416037767,3750.2902806282477
1,2,312781.5991977906,1933.2839342029154
4,2,499424.40454534837,3485.4181075598226
4,3,541910.3827546086,3794.1662028972023
2,2,381171.36539346946,2520.1020493504902
5,2,551651.8466620975,4010.8057393046724
3,3,463946.43764163274,3275.9796198521153
5,2,556016.3804957077,3908.642572151009
2,2,373678.4157015783,2470.9510270346204
1,1,316348.53038992896,2035.858722008395
4,2,471937.71728966414,3249.1853854777996
1,3,362100.4178842518,2277.3926893694043
1,2,317689.44101418933,1966.7346438744275
2,3,401950.20187105285,2708.1935912195477
3,3,486471.2954547137,3368.3570263231704
1,2,310456.8199804581,1885.6799016635498
4,3,528591.3109606479,3701.6856137715513
4,1,463343.5348855604,3210.200148346672
3,3,479983.090452263,3276.8897348329147
3,1,406278.7708309014,2684.994966898218
2,3,407953.72178448795,2782.8897212930365
5,2,539199.8435041596,3794.8339799618207
4,3,510112.6581235136,3577.928932038237
1,3,361160.7923757992,2307.131554194303
2,3,421214.9783404543,2856.028160112106
3,1,405541.160742562,2767.3848249817183
1,1,285824.02941912325,1793.1487935026269
5,1,532697.1525449369,3766.967055359788
3,1,407043.96836533723,2757.1654516384515
5,1,553422.7579447187,3919.4798802865294
5,2,561330.0358398622,3890.210558991275
4,3,524593.6341915225,3612.769358616507
4,3,531223.2205156581,3751.4947631152804
5,2,574156.5868501175,4133.252367041576
4,2,503599.0251560973,3513.81590431554
3,2,438044.355812953,3000.578676490019
5,2,573576.7952140736,4113.308321443669
5,1,548705.6952368909,3932.559167495453
2,3,395518.40994617844,2719.398817838797
2,2,380132.9147933599,2528.8703272884613
2,2,377322.80518013163,2457.7735275814584
2,3,416495.1971339813,2815.032542554107
1,2,333059.8769981729,2100.655586094778
2,1,348074.97931953345,2131.6428614317533
3,1,408236.97643204476,2738.81760166007
1,1,295953.50387206103,1736.7849061028444
3,2,448596.8633620148,3008.4831775357466
2,3,413164.21648349625,2781.4445533432813
5,2,558842.7993666799,4042.8102701501703
1,3,347029.65594714676,2223.651993811602
5,1,520696.41738268494,3652.400967962342
3,1,404260.2993956894,2707.474639128745
3,3,483721.5314341006,3405.019612580474
1,2,324537.8156462972,2045.2495914519916
3,2,431881.02711394016,2889.8472081249506
1,2,312862.0694718644,2008.334606921937
3,1,397747.828641394,2681.1793320112392
5,2,558657.2671420882,4063.314165437525
4,3,535728.3415906104,3792.5651717744804
2,2,393647.01118879684,2597.6038766993956
2,2,394514.8802896919,2618.4470091109056
4,3,545171.284488113,3919.721389182505
